<?xml version="1.0" encoding="UTF-8" ?>
<configuration>
    <springProperty name="SLACK_WEBHOOK_URI" source="logging.slack.webhook-uri"/>
    <appender name="SLACK" class="com.github.maricn.logback.SlackAppender">
<!--        <webhookUri>https://hooks.slack.com/services/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</webhookUri>-->
        <layout class="ch.qos.logback.classic.PatternLayout">
            <pattern>%d{yyyy-MM-dd HH:mm:ss.SSS} %msg %n</pattern>
        </layout>
        <username>Logback</username>
        <iconEmoji>:stuck_out_tongue_winking_eye:</iconEmoji>
        <colorCoding>true</colorCoding>
    </appender>

    <!-- Consol appender 설정 -->
    <appender name="Console" class="ch.qos.logback.core.ConsoleAppender">
        <encoder>
            <Pattern>%d %-5level %logger{35} - %msg%n</Pattern>
        </encoder>
    </appender>

    <appender name="ASYNC_SLACK" class="ch.qos.logback.classic.AsyncAppender">
        <appender-ref ref="SLACK"/>
        <filter class="ch.qos.logback.classic.filter.ThresholdFilter">
            <level>WARN</level>
        </filter>
    </appender>

    <root level="INFO">
        <appender-ref ref="Console" />
        <appender-ref ref="ASYNC_SLACK"/>
    </root>
</configuration>